iso3,country,year,conflict_stock_displacement,conflict_stock_displacement_raw,conflict_new_displacement,conflict_new_displacement_raw,disaster_new_displacement,disaster_new_displacement_raw,disaster_stock_displacement,disaster_stock_displacement_raw
BDI,Burundi,2008,100000,100000,,,,,,
BDI,Burundi,2009,157000,157167,,,,,,
BDI,Burundi,2010,157000,157167,,,1500,1500,,
BDI,Burundi,2011,79000,78796,,,2000,1979,,
BDI,Burundi,2012,79000,78948,,,,,,
BDI,Burundi,2013,79000,78948,,,,,,
BDI,Burundi,2014,79000,78948,,,24000,23784,,
BDI,Burundi,2015,101000,100518,23000,22844,2900,2870,,
BDI,Burundi,2016,59000,59313,16000,16213,49000,48729,,
BDI,Burundi,2017,57000,57258,14000,13630,11000,10982,790,792
BDI,Burundi,2018,32000,31908,5100,5054,36000,35751,,
BDI,Burundi,2019,23000,23468,530,533,27000,27066,12000,11608
BDI,Burundi,2020,22000,21765,310,310,52000,51525,76000,75866
BDI,Burundi,2021,19000,19083,94,94,64000,64078,94000,94325
BDI,Burundi,2022,8500,8495,600,601,13000,12850,67000,66805
BDI,Burundi,2023,8100,8124,230,226,21000,20650,66000,65754
BDI,Burundi,2024,6900,6877,360,362,60000,60035,85000,85297
BDI,Burundi,2025,6800,6815,1000,1020,19000,18737,82000,82246
COL,Colombia,2008,3000000,3000000,270000,270000,53000,53000,,
COL,Colombia,2009,3304000,3303979,286000,286389,19000,19193,,
COL,Colombia,2010,3672000,3672054,280000,280041,3000000,3000000,,
COL,Colombia,2011,3888000,3888309,103000,102956,149000,149000,,
COL,Colombia,2012,3944000,3943509,230000,230000,71000,71200,,
COL,Colombia,2013,5368000,5368138,157000,156918,11000,11410,,
COL,Colombia,2014,6044000,6044151,137000,137214,20000,20295,,
COL,Colombia,2015,6939000,6939067,224000,224324,4600,4649,,
COL,Colombia,2016,7246000,7245689,171000,170946,6900,6916,,
COL,Colombia,2017,6509000,6509223,139000,139359,25000,25161,,
COL,Colombia,2018,5761000,5760741,145000,145287,67000,67306,,
COL,Colombia,2019,5576000,5575987,139000,139065,36000,36027,1600,1575
COL,Colombia,2020,4922000,4922122,106000,105805,64000,63565,21000,20626
COL,Colombia,2021,5235000,5235074,134000,133848,32000,31708,1400,1420
COL,Colombia,2022,4766000,4766280,391000,391099,239000,238634,35000,35199
COL,Colombia,2023,5077000,5077150,329000,329220,351000,350653,,
COL,Colombia,2024,7265000,7264767,388000,387952,75000,74766,,0
COL,Colombia,2025,7211000,7210702,394000,394106,72000,72332,,0
IRQ,Iraq,2008,2647000,2647251,360000,360000,14000,14305,,
IRQ,Iraq,2009,1552000,1552003,,,,,,
IRQ,Iraq,2010,1344000,1343568,,,,,,
IRQ,Iraq,2011,1332000,1332382,8000,8000,11000,11199,,
IRQ,Iraq,2012,1132000,1131810,,,,,,
IRQ,Iraq,2013,954000,954128,12000,11800,5000,5000,,
IRQ,Iraq,2014,2123000,2123340,2188000,2187810,78000,77552,,
IRQ,Iraq,2015,3290000,3290310,1549000,1548732,7700,7744,,
IRQ,Iraq,2016,3035000,3034614,564000,563754,26000,26000,,
IRQ,Iraq,2017,2616000,2615988,1379000,1379499,3900,3933,,
IRQ,Iraq,2018,1962000,1961934,150000,150222,64000,64247,,
IRQ,Iraq,2019,1533000,1532518,104000,103764,37000,37252,320,325
IRQ,Iraq,2020,1224000,1224108,67000,67162,1200,1233,,
IRQ,Iraq,2021,1187000,1186556,57000,56891,9400,9434,20000,19974
IRQ,Iraq,2022,1169000,1168619,32000,32330,51000,50514,69000,68670
IRQ,Iraq,2023,1124000,1123663,21000,21240,36000,36390,135000,135498
IRQ,Iraq,2024,1031000,1031475,23000,22947,46000,46004,170000,170338
IRQ,Iraq,2025,997000,997334,32000,31919,16000,15768,186000,186006
